latitude,longitude,brightness,scan,track,acq_date,acq_time,satellite,confidence,version,bright_t31,frp,daynight
20.25469,-75.81931,308.18,1.55,1.23,2022-04-01,0330,T,74,6.1NRT,291.32,16.14,N
22.49692,-80.45529,302.59,1.01,1,2022-04-01,0332,T,50,6.1NRT,291.78,4.67,N
25.9423,-80.53675,305.96,1.04,1.02,2022-04-01,0332,T,66,6.1NRT,292.65,6.19,N
25.9723,-80.52075,304.22,1.04,1.02,2022-04-01,0332,T,27,6.1NRT,292.23,4.15,N
25.96955,-80.54127,320.76,1.04,1.02,2022-04-01,0332,T,100,6.1NRT,293,17.93,N
25.98232,-80.50774,311.91,1.04,1.02,2022-04-01,0332,T,84,6.1NRT,292.67,10.39,N
25.98096,-80.51802,310.56,1.04,1.02,2022-04-01,0332,T,80,6.1NRT,292.6,9.16,N
25.99006,-80.51952,318.53,1.04,1.02,2022-04-01,0332,T,97,6.1NRT,292.88,16.14,N
25.98871,-80.5298,313.08,1.04,1.02,2022-04-01,0332,T,86,6.1NRT,292.95,11.2,N
33.01693,-79.88662,300.9,1.28,1.12,2022-04-01,0334,T,11,6.1NRT,289.48,7.25,N
42.68335,-111.59477,309.1,1,1,2022-04-01,0516,T,76,6.1NRT,270.94,15,N
17.90541,-93.53211,301.3,4.79,2,2022-04-01,0508,T,40,6.1NRT,290.95,39.32,N
17.78222,-98.53287,303.17,2,1.38,2022-04-01,0508,T,43,6.1NRT,289.83,13.73,N
17.91866,-101.05489,302.38,1.34,1.15,2022-04-01,0508,T,31,6.1NRT,287.02,8.01,N
17.92612,-101.06065,304.86,1.34,1.15,2022-04-01,0508,T,39,6.1NRT,288.65,9.61,N
18.09567,-101.10342,305.45,1.33,1.14,2022-04-01,0508,T,58,6.1NRT,290.39,9.37,N
18.87694,-99.3428,314.82,1.81,1.32,2022-04-01,0508,T,90,6.1NRT,290.38,32.79,N
20.04905,-99.28529,300.87,1.9,1.35,2022-04-01,0508,T,35,6.1NRT,287.37,16.43,N
19.66247,-102.47408,310.73,1.17,1.08,2022-04-01,0508,T,57,6.1NRT,285.25,14.6,N
19.67635,-102.4718,303.34,1.17,1.08,2022-04-01,0508,T,51,6.1NRT,283.15,9.01,N
20.05416,-99.29226,301.48,1.9,1.35,2022-04-01,0508,T,41,6.1NRT,285.63,17.29,N
19.68731,-102.46239,300.24,1.17,1.08,2022-04-01,0508,T,12,6.1NRT,283.67,7.08,N
19.90613,-103.41501,316.5,1.07,1.03,2022-04-01,0508,T,93,6.1NRT,285.37,19,N
19.91532,-103.41645,335.38,1.07,1.03,2022-04-01,0508,T,100,6.1NRT,288.69,42.45,N
19.914,-103.42638,340.69,1.07,1.03,2022-04-01,0508,T,100,6.1NRT,290.58,51.79,N
19.92313,-103.4135,303.72,1.07,1.03,2022-04-01,0508,T,57,6.1NRT,283.12,9.58,N
19.92183,-103.42349,349.62,1.07,1.03,2022-04-01,0508,T,100,6.1NRT,290.55,71.49,N
19.92053,-103.43341,330.78,1.07,1.03,2022-04-01,0508,T,100,6.1NRT,286.83,35.76,N
20.70139,-103.85093,304.06,1.05,1.02,2022-04-01,0510,T,58,6.1NRT,285.72,8.23,N
20.95401,-103.32023,302.43,1.1,1.05,2022-04-01,0510,T,49,6.1NRT,280.68,7.65,N
21.35839,-104.83932,333.13,1.01,1,2022-04-01,0510,T,100,6.1NRT,285.9,36.22,N
21.35707,-104.84892,313.24,1.01,1,2022-04-01,0510,T,87,6.1NRT,284.17,14.83,N
22.12441,-99.10173,308.63,2.09,1.41,2022-04-01,0510,T,75,6.1NRT,289.8,31.65,N
22.77558,-99.0767,327.54,2.14,1.42,2022-04-01,0510,T,100,6.1NRT,291.33,79.34,N
22.8781,-104.48094,300.1,1.04,1.02,2022-04-01,0510,T,17,6.1NRT,285.85,6.1,N
24.23235,-106.07027,302.43,1,1,2022-04-01,0512,T,49,6.1NRT,282.84,7.28,N
24.23098,-106.07996,314.89,1,1,2022-04-01,0512,T,90,6.1NRT,283.88,15.85,N
24.23988,-106.08147,316.26,1,1,2022-04-01,0512,T,93,6.1NRT,284.85,16.67,N
25.29326,-100.22134,306.7,1.92,1.35,2022-04-01,0512,T,53,6.1NRT,283.43,23.2,N
25.30798,-100.19791,307.81,1.93,1.36,2022-04-01,0512,T,38,6.1NRT,286.5,23.41,N
26.47855,-106.33151,304.08,1,1,2022-04-01,0512,T,43,6.1NRT,278.95,9.07,N
26.47717,-106.34142,305.11,1,1,2022-04-01,0512,T,63,6.1NRT,278.68,10.23,N
26.47579,-106.35133,305.35,1,1,2022-04-01,0512,T,55,6.1NRT,278.47,10.02,N
26.65124,-105.74351,306.46,1.02,1.01,2022-04-01,0512,T,68,6.1NRT,282.71,10.7,N
26.00002,-80.50913,387.84,1.54,1.22,2022-04-01,1539,T,87,6.1NRT,294.83,342.85,D
25.98731,-80.49529,345.24,1.54,1.22,2022-04-01,1539,T,93,6.1NRT,294.94,81.02,D
25.98559,-80.48003,356.75,1.54,1.22,2022-04-01,1539,T,98,6.1NRT,295.06,131.16,D
25.97634,-80.49673,341.97,1.54,1.22,2022-04-01,1539,T,86,6.1NRT,291.81,71.02,D
25.97463,-80.48148,356.87,1.54,1.22,2022-04-01,1539,T,98,6.1NRT,295.56,131.34,D
25.96367,-80.48292,342.58,1.54,1.22,2022-04-01,1539,T,91,6.1NRT,295.25,77.03,D
25.88529,-80.4993,319.56,1.54,1.22,2022-04-01,1539,T,71,6.1NRT,292.35,20.85,D
22.94118,-81.09698,320.97,1.54,1.22,2022-04-01,1539,T,49,6.1NRT,299.51,12.33,D
22.76472,-79.8839,321.29,1.28,1.12,2022-04-01,1539,T,67,6.1NRT,302.46,11.82,D
22.78808,-80.94427,321.48,1.49,1.21,2022-04-01,1539,T,23,6.1NRT,303.66,13.29,D
22.65684,-80.91602,348.53,1.48,1.2,2022-04-01,1539,T,94,6.1NRT,302.12,85.38,D
22.80122,-82.39859,318.81,1.89,1.34,2022-04-01,1539,T,55,6.1NRT,297.71,12.49,D
22.65658,-81.19807,328.52,1.55,1.23,2022-04-01,1539,T,78,6.1NRT,301.02,30.84,D
22.67715,-83.06937,332,2.1,1.41,2022-04-01,1541,T,83,6.1NRT,298,67.79,D
22.67672,-83.07619,329.34,2.1,1.41,2022-04-01,1541,T,81,6.1NRT,298.04,55.42,D
22.21704,-80.3909,337.99,1.35,1.15,2022-04-01,1541,T,82,6.1NRT,295.87,48.36,D
21.98454,-78.79385,331.33,1.11,1.05,2022-04-01,1541,T,81,6.1NRT,302.84,24.56,D
21.81083,-77.9782,322.59,1.04,1.02,2022-04-01,1541,T,50,6.1NRT,302.24,11.78,D
21.44901,-78.48643,324.96,1.07,1.03,2022-04-01,1541,T,43,6.1NRT,302.59,10.99,D
21.13417,-78.20358,329.62,1.04,1.02,2022-04-01,1541,T,79,6.1NRT,302.01,18.29,D
21.13279,-78.19364,325.53,1.04,1.02,2022-04-01,1541,T,70,6.1NRT,304.34,12.49,D
20.49083,-75.99796,331.24,1.02,1.01,2022-04-01,1541,T,56,6.1NRT,310.97,12.92,D
20.48639,-75.9689,328.67,1.03,1.01,2022-04-01,1541,T,72,6.1NRT,307.93,8.91,D
20.37043,-76.23799,341.49,1.02,1.01,2022-04-01,1541,T,89,6.1NRT,309.24,30.45,D
20.20193,-75.2039,331.64,1.09,1.04,2022-04-01,1541,T,73,6.1NRT,309.53,12.98,D
18.768,-72.9284,323.02,1.51,1.21,2022-04-01,1541,T,75,6.1NRT,298.63,21.9,D
18.76543,-72.93456,317.33,1.51,1.21,2022-04-01,1541,T,65,6.1NRT,298.12,12.59,D
18.33286,-70.88206,315.61,2.17,1.43,2022-04-01,1541,T,0,6.1NRT,297.11,22.08,D
18.26308,-78.27137,341.83,1.01,1.01,2022-04-01,1541,T,91,6.1NRT,304.07,39.25,D
17.96135,-77.02216,325.34,1.01,1,2022-04-01,1541,T,78,6.1NRT,303.97,11.99,D
34.34282,-80.05193,305.55,1.86,1.33,2022-04-01,1537,T,58,6.1NRT,294.8,8.61,D
34.34967,-80.05807,311.11,1.86,1.33,2022-04-01,1537,T,69,6.1NRT,295.06,18.11,D
33.51887,-82.43882,303.53,2.61,1.55,2022-04-01,1537,T,56,6.1NRT,290.18,20.58,D
33.37634,-82.68952,303.15,2.7,1.57,2022-04-01,1537,T,44,6.1NRT,288.42,19.15,D
33.37434,-82.66061,301.45,2.69,1.57,2022-04-01,1537,T,27,6.1NRT,288.16,14.19,D
33.37011,-82.66718,304.85,2.69,1.57,2022-04-01,1537,T,60,6.1NRT,288.51,24.08,D
33.04139,-79.71236,310.91,1.7,1.28,2022-04-01,1539,T,70,6.1NRT,293.24,17.77,D
33.04439,-79.71879,303.87,1.7,1.28,2022-04-01,1539,T,54,6.1NRT,292.98,8.78,D
33.04255,-79.70072,307.37,1.69,1.28,2022-04-01,1539,T,64,6.1NRT,292.86,13.63,D
31.92068,-83.54391,312.36,2.97,1.64,2022-04-01,1539,T,72,6.1NRT,289.62,46.76,D
31.92054,-83.55116,309.57,2.97,1.64,2022-04-01,1539,T,69,6.1NRT,290.23,36.63,D
31.24912,-84.49559,308.19,3.39,1.74,2022-04-01,1539,T,66,6.1NRT,293.42,34.57,D
31.23882,-84.5038,304.84,3.39,1.74,2022-04-01,1539,T,42,6.1NRT,292.89,26.21,D
26.4496,-77.0719,322.4,1.05,1.02,2022-04-01,1539,T,57,6.1NRT,299.74,11.17,D
26.43832,-77.12708,336.1,1.05,1.03,2022-04-01,1539,T,87,6.1NRT,297.75,30.85,D
26.43692,-77.11662,323.66,1.05,1.02,2022-04-01,1539,T,71,6.1NRT,297.14,12.76,D
26.43008,-77.12373,333.6,1.05,1.02,2022-04-01,1539,T,80,6.1NRT,301.26,24.91,D
26.39063,-77.10881,320.76,1.05,1.02,2022-04-01,1539,T,46,6.1NRT,299.7,10.14,D
47.73801,-101.89637,313.67,1.85,1.33,2022-04-01,1711,T,74,6.1NRT,288.48,25.52,D
47.74502,-101.90228,306.58,1.85,1.33,2022-04-01,1711,T,64,6.1NRT,288.76,13.43,D
44.51765,-92.91521,331.64,1.06,1.03,2022-04-01,1713,T,87,6.1NRT,284.3,35.7,D
44.06675,-91.27671,306.01,1.22,1.1,2022-04-01,1713,T,63,6.1NRT,284.44,10.59,D
43.4123,-91.56126,302.02,1.22,1.1,2022-04-01,1713,T,50,6.1NRT,282.75,8.15,D
43.24635,-95.41267,300.17,1,1,2022-04-01,1713,T,28,6.1NRT,277.18,5.85,D
43.24456,-95.40056,306.64,1,1,2022-04-01,1713,T,64,6.1NRT,277.03,9.69,D
42.6829,-93.64178,301.83,1.06,1.03,2022-04-01,1713,T,49,6.1NRT,280.14,6.73,D
42.76282,-96.8932,301.87,1.02,1.01,2022-04-01,1713,T,49,6.1NRT,278.97,5.44,D
41.8652,-93.20568,302.58,1.12,1.05,2022-04-01,1713,T,53,6.1NRT,285.63,5.66,D
42.37328,-96.67265,307.91,1.01,1.01,2022-04-01,1713,T,66,6.1NRT,277.25,8.45,D
41.70765,-92.58711,302.84,1.18,1.08,2022-04-01,1713,T,54,6.1NRT,285.36,5.94,D
41.65792,-95.93194,303.57,1,1,2022-04-01,1713,T,55,6.1NRT,280.28,4.92,D
41.51593,-97.14226,305.67,1.02,1.01,2022-04-01,1713,T,60,6.1NRT,286.4,4.83,D
41.51429,-97.13023,301.52,1.02,1.01,2022-04-01,1713,T,35,6.1NRT,284.19,2.74,D
41.43785,-97.04314,306.75,1.01,1.01,2022-04-01,1713,T,59,6.1NRT,282.55,6.32,D
40.95938,-94.93316,301.1,1.03,1.01,2022-04-01,1713,T,44,6.1NRT,283.37,3.65,D
41.31015,-98.30475,302.95,1.07,1.03,2022-04-01,1713,T,49,6.1NRT,283.22,5.19,D
41.30855,-98.29211,301.94,1.07,1.03,2022-04-01,1713,T,39,6.1NRT,283.22,4.18,D
40.75621,-97.11387,303.87,1.01,1,2022-04-01,1713,T,53,6.1NRT,285.19,2.85,D
39.97015,-95.96452,318.83,1.01,1,2022-04-01,1713,T,78,6.1NRT,292.77,13.24,D
39.80555,-96.22176,321.78,1,1,2022-04-01,1713,T,80,6.1NRT,288.67,16.11,D
39.80382,-96.21024,327.37,1,1,2022-04-01,1713,T,84,6.1NRT,289.66,22.17,D
39.76164,-96.99554,306.85,1,1,2022-04-01,1715,T,59,6.1NRT,284.42,4.33,D
39.75999,-96.98402,309.39,1,1,2022-04-01,1715,T,65,6.1NRT,283.59,6.29,D
39.54551,-95.9108,304.06,1.01,1,2022-04-01,1715,T,57,6.1NRT,286.5,4.63,D
39.5151,-96.01433,304.93,1.01,1,2022-04-01,1715,T,51,6.1NRT,287.79,5.04,D
38.86697,-94.2944,305.62,1.12,1.05,2022-04-01,1715,T,62,6.1NRT,288.54,7.34,D
39.00571,-95.95173,321.25,1.01,1.01,2022-04-01,1715,T,70,6.1NRT,279.14,19.96,D
38.80003,-95.46697,304.81,1.04,1.02,2022-04-01,1715,T,60,6.1NRT,290.35,5.33,D
38.79817,-95.45525,305.49,1.04,1.02,2022-04-01,1715,T,61,6.1NRT,290.48,5.77,D
38.70936,-95.19563,303.35,1.05,1.02,2022-04-01,1715,T,56,6.1NRT,287.11,5.07,D
38.62468,-94.72187,305.04,1.09,1.04,2022-04-01,1715,T,60,6.1NRT,290.82,6.11,D
38.62266,-94.70959,302.68,1.09,1.04,2022-04-01,1715,T,53,6.1NRT,289.79,4.48,D
38.80386,-96.20479,302.79,1.01,1,2022-04-01,1715,T,54,6.1NRT,287.33,4.15,D
38.45467,-95.56779,306.77,1.04,1.02,2022-04-01,1715,T,64,6.1NRT,286.9,7.24,D
38.33432,-95.62906,302.32,1.04,1.02,2022-04-01,1715,T,52,6.1NRT,289.09,4.07,D
38.24012,-95.26779,303.75,1.06,1.03,2022-04-01,1715,T,57,6.1NRT,290,5.17,D
38.20902,-95.25109,305.35,1.06,1.03,2022-04-01,1715,T,61,6.1NRT,289.58,5.82,D
38.2071,-95.23924,306.73,1.06,1.03,2022-04-01,1715,T,64,6.1NRT,289.77,6.82,D
38.31313,-95.96427,302.49,1.02,1.01,2022-04-01,1715,T,40,6.1NRT,288.04,4.85,D
38.36232,-96.34306,310.27,1.01,1,2022-04-01,1715,T,63,6.1NRT,288.54,8.46,D
38.35886,-96.32037,333.6,1.01,1,2022-04-01,1715,T,89,6.1NRT,288.16,33.1,D
38.35342,-96.34524,317.71,1.01,1,2022-04-01,1715,T,78,6.1NRT,288.82,14.64,D
38.3626,-97.08647,302.05,1,1,2022-04-01,1715,T,38,6.1NRT,287.14,3.6,D
38.09861,-96.07186,317.03,1.02,1.01,2022-04-01,1715,T,77,6.1NRT,288.61,15.05,D
38.07005,-96.00763,315.98,1.02,1.01,2022-04-01,1715,T,65,6.1NRT,288,12.06,D
38.06287,-96.02126,323.48,1.02,1.01,2022-04-01,1715,T,82,6.1NRT,288.38,19.59,D
38.0037,-95.94065,319.47,1.03,1.01,2022-04-01,1715,T,79,6.1NRT,290.51,16.72,D
38.00189,-95.92917,365.81,1.03,1.01,2022-04-01,1715,T,100,6.1NRT,292.98,106.18,D
37.99292,-95.9314,303.18,1.03,1.01,2022-04-01,1715,T,15,6.1NRT,286.91,3.58,D
37.94394,-96.21032,310.75,1.02,1.01,2022-04-01,1715,T,70,6.1NRT,290.41,7.76,D
37.94218,-96.19894,313.8,1.02,1.01,2022-04-01,1715,T,74,6.1NRT,291.26,10.2,D
37.93443,-96.20732,344.06,1.02,1.01,2022-04-01,1715,T,94,6.1NRT,292.67,50.38,D
37.93267,-96.19593,320.93,1.02,1.01,2022-04-01,1715,T,81,6.1NRT,290.98,17.63,D
37.79769,-96.28168,328.15,1.02,1.01,2022-04-01,1715,T,71,6.1NRT,293.62,22.94,D
37.78876,-96.28387,349.56,1.02,1.01,2022-04-01,1715,T,96,6.1NRT,294.39,58.08,D
37.787,-96.27254,328.52,1.02,1.01,2022-04-01,1715,T,65,6.1NRT,292.71,23.08,D
37.77807,-96.27469,323.64,1.02,1.01,2022-04-01,1715,T,83,6.1NRT,292.46,18.96,D
37.77631,-96.26334,321.48,1.02,1.01,2022-04-01,1715,T,81,6.1NRT,292.19,16.64,D
37.55623,-96.33546,331.01,1.02,1.01,2022-04-01,1715,T,87,6.1NRT,291.79,28.11,D
37.55448,-96.32415,327.87,1.02,1.01,2022-04-01,1715,T,85,6.1NRT,290.4,23.97,D
37.54903,-96.3489,315.99,1.02,1.01,2022-04-01,1715,T,57,6.1NRT,291.75,11.1,D
37.5401,-96.35104,334.1,1.02,1.01,2022-04-01,1715,T,89,6.1NRT,293.13,31.56,D
37.53117,-96.35317,314.1,1.02,1.01,2022-04-01,1715,T,68,6.1NRT,291.38,9.8,D
37.11881,-94.46008,302.97,1.16,1.07,2022-04-01,1715,T,43,6.1NRT,290.03,3.4,D
37.38593,-96.13515,314.32,1.03,1.01,2022-04-01,1715,T,74,6.1NRT,293.38,10.44,D
37.38414,-96.12376,316.49,1.03,1.01,2022-04-01,1715,T,77,6.1NRT,292.54,12.52,D
37.45739,-96.77913,309.53,1.01,1,2022-04-01,1715,T,51,6.1NRT,291.46,6.38,D
37.44849,-96.7812,321.19,1.01,1,2022-04-01,1715,T,81,6.1NRT,290.99,16.66,D
36.91799,-93.90425,300.71,1.23,1.1,2022-04-01,1715,T,30,6.1NRT,287.81,3.78,D
37.17334,-95.55178,305.89,1.06,1.03,2022-04-01,1715,T,60,6.1NRT,290.76,5.65,D
37.01604,-94.65796,310.04,1.14,1.06,2022-04-01,1715,T,69,6.1NRT,292.7,9.06,D
37.25037,-96.3333,333.34,1.02,1.01,2022-04-01,1715,T,88,6.1NRT,294.42,31.39,D
37.24861,-96.322,310.97,1.02,1.01,2022-04-01,1715,T,69,6.1NRT,293.45,7.67,D
37.07198,-95.49787,307.09,1.07,1.03,2022-04-01,1715,T,62,6.1NRT,292.62,5.95,D
36.97215,-95.23854,345.37,1.09,1.04,2022-04-01,1715,T,94,6.1NRT,294.36,57.4,D
36.97016,-95.22655,307.64,1.09,1.04,2022-04-01,1715,T,64,6.1NRT,291.69,6.09,D
36.8242,-94.36986,302.76,1.18,1.08,2022-04-01,1715,T,54,6.1NRT,290.34,4.41,D
36.96294,-95.24087,335.9,1.09,1.04,2022-04-01,1715,T,90,6.1NRT,293.28,39.04,D
36.96094,-95.22887,305.53,1.09,1.04,2022-04-01,1715,T,39,6.1NRT,292.37,4.36,D
36.93203,-95.26734,317.73,1.09,1.04,2022-04-01,1715,T,76,6.1NRT,291.88,13.86,D
36.92479,-95.28163,311.04,1.09,1.04,2022-04-01,1715,T,69,6.1NRT,291.44,8.19,D
36.92282,-95.26966,321.42,1.09,1.04,2022-04-01,1715,T,80,6.1NRT,292.89,18.36,D
36.92606,-95.8018,331.69,1.05,1.02,2022-04-01,1715,T,87,6.1NRT,294.18,30.35,D
36.75691,-95.84391,306.2,1.05,1.02,2022-04-01,1715,T,34,6.1NRT,292.67,4.06,D
36.74432,-95.88297,316.22,1.05,1.02,2022-04-01,1715,T,41,6.1NRT,293.62,10.49,D
36.62706,-95.33822,309.13,1.09,1.04,2022-04-01,1715,T,65,6.1NRT,291.69,7.25,D
36.62509,-95.32631,316.13,1.09,1.04,2022-04-01,1715,T,75,6.1NRT,292.62,13.5,D
36.92003,-97.26208,319.18,1,1,2022-04-01,1715,T,78,6.1NRT,293.68,14.54,D
36.91839,-97.25101,309.24,1,1,2022-04-01,1715,T,65,6.1NRT,293.55,6.28,D
36.70085,-95.90551,307.44,1.05,1.02,2022-04-01,1715,T,61,6.1NRT,294.02,4.66,D
36.69899,-95.894,309.37,1.05,1.02,2022-04-01,1715,T,65,6.1NRT,293.58,5.96,D
36.67596,-95.91747,322.55,1.05,1.02,2022-04-01,1715,T,80,6.1NRT,293.88,18.82,D
36.67413,-95.90594,313.82,1.05,1.02,2022-04-01,1715,T,72,6.1NRT,294.07,10.28,D
36.70832,-96.89896,311.15,1.01,1,2022-04-01,1715,T,59,6.1NRT,291.35,7.21,D
36.70663,-96.88787,307.27,1.01,1,2022-04-01,1715,T,55,6.1NRT,295.07,4.39,D
36.69096,-96.84549,308.6,1.01,1,2022-04-01,1715,T,63,6.1NRT,294.95,4.78,D
36.59138,-96.92026,344.77,1.01,1,2022-04-01,1715,T,0,6.1NRT,298.26,46.5,D
36.58969,-96.90916,346.96,1.01,1,2022-04-01,1715,T,0,6.1NRT,296.31,51.43,D
36.58123,-96.85368,311.19,1.01,1,2022-04-01,1715,T,44,6.1NRT,296.06,5.34,D
36.58585,-96.94448,325.95,1.01,1,2022-04-01,1715,T,0,6.1NRT,297.05,18.73,D
36.58416,-96.9334,349.56,1.01,1,2022-04-01,1715,T,83,6.1NRT,299.14,56.4,D
36.58247,-96.92233,338.48,1.01,1,2022-04-01,1715,T,85,6.1NRT,299.51,35.18,D
36.58078,-96.91124,356.51,1.01,1,2022-04-01,1715,T,85,6.1NRT,300.3,72.33,D
36.57231,-96.85575,321.11,1.01,1,2022-04-01,1715,T,79,6.1NRT,296.49,14.43,D
36.57525,-96.93546,311.28,1.01,1,2022-04-01,1715,T,68,6.1NRT,297.01,5.71,D
36.57018,-96.90217,311.1,1.01,1,2022-04-01,1715,T,0,6.1NRT,298.43,5.96,D
36.07664,-95.82433,305.39,1.07,1.03,2022-04-01,1715,T,48,6.1NRT,292.12,2.48,D
35.83465,-96.45284,310.89,1.03,1.02,2022-04-01,1715,T,66,6.1NRT,295.52,6.61,D
35.82564,-96.45494,313,1.03,1.02,2022-04-01,1715,T,70,6.1NRT,295.7,8.49,D
35.77159,-96.4676,307.51,1.03,1.02,2022-04-01,1717,T,59,6.1NRT,295.55,4.37,D
35.69444,-96.2696,306.3,1.05,1.02,2022-04-01,1717,T,56,6.1NRT,294.97,4.42,D
34.9729,-92.36504,311.07,1.62,1.25,2022-04-01,1717,T,67,6.1NRT,291.48,19.11,D
35.36687,-94.73294,315.76,1.19,1.09,2022-04-01,1717,T,57,6.1NRT,292.98,16.08,D
34.83206,-95.64465,313.77,1.11,1.05,2022-04-01,1717,T,72,6.1NRT,294.41,11.23,D
34.88884,-96.04642,328.02,1.08,1.04,2022-04-01,1717,T,84,6.1NRT,295.37,25.47,D
34.88693,-96.03478,313.26,1.08,1.04,2022-04-01,1717,T,71,6.1NRT,293.79,9.97,D
34.88503,-96.02315,322.38,1.08,1.04,2022-04-01,1717,T,80,6.1NRT,295.01,19.27,D
34.36184,-93.12679,300.73,1.5,1.21,2022-04-01,1717,T,41,6.1NRT,289.12,6.74,D
34.35876,-93.1106,300.53,1.5,1.21,2022-04-01,1717,T,38,6.1NRT,288.84,6.34,D
34.93936,-97.24178,311.9,1.01,1.01,2022-04-01,1717,T,51,6.1NRT,294.64,7.45,D
34.45548,-95.93814,304.06,1.1,1.04,2022-04-01,1717,T,58,6.1NRT,289.36,6.54,D
34.30073,-97.05924,315.57,1.03,1.01,2022-04-01,1717,T,71,6.1NRT,297.16,9.68,D
33.91862,-97.10115,325.17,1.03,1.01,2022-04-01,1717,T,81,6.1NRT,295.97,19.33,D
33.90936,-97.09778,310.16,1.03,1.01,2022-04-01,1717,T,58,6.1NRT,295.72,6.05,D
33.71907,-96.43556,306.47,1.07,1.03,2022-04-01,1717,T,50,6.1NRT,292.55,4.78,D
33.71334,-96.44335,305.56,1.07,1.03,2022-04-01,1717,T,44,6.1NRT,293.15,4.06,D
33.77573,-96.8945,311.42,1.04,1.02,2022-04-01,1717,T,63,6.1NRT,293,7.06,D
33.76669,-96.89655,307.77,1.04,1.02,2022-04-01,1717,T,48,6.1NRT,294.07,4.47,D
33.15163,-94.28529,300.46,1.36,1.16,2022-04-01,1717,T,37,6.1NRT,283.61,6.89,D
33.07363,-95.43636,304.19,1.2,1.09,2022-04-01,1717,T,56,6.1NRT,290.92,4.7,D
30.94695,-86.88406,317.59,4.57,1.96,2022-04-01,1717,T,78,6.1NRT,290.66,135.78,D
30.94619,-86.8891,313.23,4.57,1.96,2022-04-01,1717,T,67,6.1NRT,290.8,100.61,D
33.28393,-104.3583,316.77,1.69,1.28,2022-04-01,1717,T,25,6.1NRT,300.75,11.44,D
33.2733,-104.34858,319.73,1.69,1.28,2022-04-01,1717,T,66,6.1NRT,301.52,17.31,D
31.79769,-94.47159,335.62,1.4,1.17,2022-04-01,1717,T,90,6.1NRT,293.9,54.56,D
31.79244,-94.47868,318.78,1.4,1.17,2022-04-01,1717,T,78,6.1NRT,292.31,24.25,D
31.78984,-94.46419,322.34,1.41,1.17,2022-04-01,1717,T,81,6.1NRT,290.9,30.38,D
31.14064,-92.48678,306.99,1.93,1.36,2022-04-01,1717,T,55,6.1NRT,292.26,17.83,D
31.21223,-93.22963,307.66,1.72,1.29,2022-04-01,1717,T,64,6.1NRT,292.96,14.77,D
31.40253,-94.34819,310.92,1.45,1.19,2022-04-01,1717,T,68,6.1NRT,292.16,14.27,D
31.39973,-94.33319,303.93,1.46,1.19,2022-04-01,1717,T,42,6.1NRT,293.33,6.26,D
31.40635,-94.33731,304.37,1.46,1.19,2022-04-01,1717,T,44,6.1NRT,293.82,6.75,D
31.39585,-94.34001,305.26,1.46,1.19,2022-04-01,1717,T,47,6.1NRT,293.06,7.9,D
31.27729,-96.44992,315.25,1.14,1.06,2022-04-01,1717,T,65,6.1NRT,296.73,9.28,D
31.09293,-95.36761,316.9,1.29,1.13,2022-04-01,1717,T,74,6.1NRT,294.17,17.96,D
31.09062,-95.35436,308.4,1.29,1.13,2022-04-01,1717,T,58,6.1NRT,293.48,8.04,D
30.79837,-96.7076,326.76,1.13,1.06,2022-04-01,1717,T,81,6.1NRT,298.87,23.02,D
30.79449,-96.71486,319.28,1.13,1.06,2022-04-01,1717,T,74,6.1NRT,298.4,14.52,D
30.79259,-96.70325,315.37,1.13,1.06,2022-04-01,1717,T,68,6.1NRT,298.2,10.13,D
30.33595,-95.12228,307.51,1.37,1.16,2022-04-01,1717,T,39,6.1NRT,295,5.91,D
30.17549,-97.01164,310.93,1.12,1.05,2022-04-01,1717,T,48,6.1NRT,299.41,5.85,D
29.78984,-94.88654,312.17,1.45,1.19,2022-04-01,1717,T,59,6.1NRT,296.97,9.79,D
29.46804,-96.28155,324.71,1.23,1.1,2022-04-01,1717,T,78,6.1NRT,299.69,20.74,D
29.46591,-96.26913,327.94,1.23,1.1,2022-04-01,1717,T,81,6.1NRT,300.19,25.55,D
27.36844,-98.02066,329.53,1.09,1.04,2022-04-01,1720,T,70,6.1NRT,306.82,12.5,D
26.44062,-98.45998,322.06,1.08,1.04,2022-04-01,1720,T,52,6.1NRT,301.74,8.31,D
26.23712,-97.50464,320.35,1.18,1.08,2022-04-01,1720,T,54,6.1NRT,305.32,7.64,D
26.07153,-97.74074,352.22,1.16,1.07,2022-04-01,1720,T,72,6.1NRT,300.49,71.65,D
26.61081,-105.19128,329.77,1.57,1.23,2022-04-01,1720,T,78,6.1NRT,311.44,24.85,D
26.64866,-105.7411,323.75,1.71,1.28,2022-04-01,1720,T,58,6.1NRT,304.33,22.64,D
25.31329,-100.20164,376.35,1,1,2022-04-01,1720,T,100,6.1NRT,303.02,135.17,D
25.31183,-100.19189,370.12,1,1,2022-04-01,1720,T,100,6.1NRT,301.89,112.98,D
23.24683,-102.4259,328.91,1.04,1.02,2022-04-01,1720,T,62,6.1NRT,314.24,9.25,D
23.24544,-102.41586,334.35,1.04,1.02,2022-04-01,1720,T,77,6.1NRT,314.5,16.86,D
23.40499,-104.89027,322.84,1.36,1.16,2022-04-01,1720,T,67,6.1NRT,301.88,19.69,D
22.36958,-99.48999,318.22,1.08,1.04,2022-04-01,1720,T,28,6.1NRT,299.13,10.36,D
22.87708,-104.47738,329.48,1.27,1.12,2022-04-01,1720,T,48,6.1NRT,311.75,19.64,D
22.87567,-104.46619,330.92,1.26,1.12,2022-04-01,1720,T,62,6.1NRT,311.43,21.23,D
21.61488,-98.39882,321,1.23,1.1,2022-04-01,1720,T,69,6.1NRT,301.29,13.37,D
22.06552,-101.68502,327.88,1,1,2022-04-01,1720,T,68,6.1NRT,315.32,7.54,D
22.06415,-101.67546,331.42,1,1,2022-04-01,1720,T,75,6.1NRT,315.22,11.85,D
22.43862,-104.79555,327.36,1.31,1.13,2022-04-01,1720,T,71,6.1NRT,307.57,19.51,D
21.89062,-102.20383,327.64,1.02,1.01,2022-04-01,1720,T,62,6.1NRT,314.51,8.34,D
21.70743,-102.27521,342.17,1.02,1.01,2022-04-01,1720,T,87,6.1NRT,314.23,30.19,D
21.69846,-102.27662,331.37,1.02,1.01,2022-04-01,1720,T,74,6.1NRT,313.54,14.1,D
21.25144,-103.50175,326.81,1.09,1.04,2022-04-01,1720,T,50,6.1NRT,311.14,9.62,D
20.56057,-100.26044,327.19,1.05,1.02,2022-04-01,1720,T,33,6.1NRT,308.45,9.12,D
20.54059,-100.19241,323.82,1.06,1.03,2022-04-01,1720,T,59,6.1NRT,307.77,9.58,D
20.95928,-103.31178,328.6,1.07,1.03,2022-04-01,1720,T,57,6.1NRT,310.91,14.6,D
20.4845,-100.06415,332.26,1.07,1.03,2022-04-01,1720,T,78,6.1NRT,310.11,20.78,D
20.48294,-100.05411,330.83,1.07,1.03,2022-04-01,1720,T,76,6.1NRT,309.34,19.7,D
20.9515,-103.32355,337.08,1.07,1.03,2022-04-01,1720,T,83,6.1NRT,315.44,27.81,D
20.95006,-103.31307,329.58,1.07,1.03,2022-04-01,1720,T,68,6.1NRT,312.38,16.4,D
20.85943,-102.65856,338.7,1.03,1.01,2022-04-01,1720,T,84,6.1NRT,315.51,25.03,D
20.52431,-100.92705,327.08,1.02,1.01,2022-04-01,1720,T,61,6.1NRT,313.62,8.57,D
20.53762,-102.9226,342.11,1.04,1.02,2022-04-01,1720,T,88,6.1NRT,316.73,32.74,D
20.53625,-102.91281,345.9,1.04,1.02,2022-04-01,1720,T,91,6.1NRT,315.8,40.11,D
20.48717,-102.56413,328.1,1.02,1.01,2022-04-01,1720,T,63,6.1NRT,313.42,12.76,D
20.64843,-103.87145,327.83,1.12,1.05,2022-04-01,1720,T,54,6.1NRT,312.23,11.58,D
19.86027,-99.28187,325.28,1.17,1.08,2022-04-01,1720,T,43,6.1NRT,313.24,5.87,D
20.4351,-103.5119,327.38,1.08,1.04,2022-04-01,1720,T,32,6.1NRT,314.17,10.61,D
20.10281,-101.43649,332.79,1,1,2022-04-01,1720,T,78,6.1NRT,314.4,16.97,D
20.1014,-101.42703,329.05,1,1,2022-04-01,1720,T,73,6.1NRT,312.85,12.29,D
20.17415,-102.11629,335.09,1,1,2022-04-01,1720,T,81,6.1NRT,313.49,21.51,D
20.17278,-102.10684,322.96,1,1,2022-04-01,1720,T,34,6.1NRT,310.84,5.56,D
20.15222,-101.96535,326,1,1,2022-04-01,1720,T,39,6.1NRT,313.45,7.54,D
19.70305,-99.2087,325.55,1.18,1.08,2022-04-01,1720,T,32,6.1NRT,306.59,8.44,D
19.63454,-99.15226,331.06,1.19,1.09,2022-04-01,1720,T,44,6.1NRT,308.74,13.94,D
19.63046,-99.14729,327.64,1.2,1.09,2022-04-01,1720,T,25,6.1NRT,308.32,13.96,D
20.06227,-102.04345,330.28,1,1,2022-04-01,1720,T,68,6.1NRT,312.96,14.09,D
19.60092,-99.21015,326.87,1.19,1.08,2022-04-01,1720,T,36,6.1NRT,306.08,9.91,D
18.19861,-91.59966,314.98,4.34,1.92,2022-04-01,1720,T,63,6.1NRT,294.74,59.65,D
18.19644,-91.60661,314.54,4.34,1.92,2022-04-01,1720,T,61,6.1NRT,294.88,54.19,D
18.18854,-91.56664,311.7,4.38,1.93,2022-04-01,1720,T,35,6.1NRT,294.4,37.21,D
19.38167,-99.57104,325.62,1.15,1.07,2022-04-01,1720,T,47,6.1NRT,311.31,7.66,D
19.81065,-102.59576,325.29,1.01,1.01,2022-04-01,1720,T,62,6.1NRT,310.11,10.57,D
19.29535,-99.54803,330.09,1.15,1.07,2022-04-01,1720,T,74,6.1NRT,309.11,14.37,D
19.08514,-98.56652,319.96,1.31,1.14,2022-04-01,1720,T,14,6.1NRT,301.04,17.5,D
19.86076,-103.94796,327.54,1.11,1.05,2022-04-01,1720,T,77,6.1NRT,314.14,10.91,D
19.73141,-103.81317,323.44,1.09,1.04,2022-04-01,1720,T,51,6.1NRT,305.69,10.72,D
18.0976,-94.04485,320.37,2.87,1.62,2022-04-01,1720,T,72,6.1NRT,297.47,58.62,D
17.90046,-93.19627,324.16,3.35,1.73,2022-04-01,1720,T,77,6.1NRT,296.89,87.53,D
17.89427,-93.16528,323.05,3.37,1.73,2022-04-01,1720,T,75,6.1NRT,296.04,80.89,D
18.09577,-94.05205,318.06,2.87,1.62,2022-04-01,1720,T,67,6.1NRT,297.42,48.75,D
17.90476,-93.20271,315.12,3.35,1.73,2022-04-01,1720,T,51,6.1NRT,296.79,38.68,D
17.8988,-93.17167,325.65,3.37,1.73,2022-04-01,1720,T,78,6.1NRT,296.05,99.07,D
17.88354,-93.17506,316.18,3.37,1.73,2022-04-01,1720,T,63,6.1NRT,296.28,44.09,D
17.84079,-93.11943,331.64,3.41,1.74,2022-04-01,1720,T,83,6.1NRT,296.07,143.16,D
17.84525,-93.12387,328.43,3.41,1.74,2022-04-01,1720,T,80,6.1NRT,296.17,119.75,D
17.8393,-93.09237,313.86,3.43,1.74,2022-04-01,1720,T,53,6.1NRT,294.87,33.3,D
19.59711,-104.03718,333.22,1.11,1.05,2022-04-01,1720,T,83,6.1NRT,307.96,25.93,D
19.19842,-101.43278,326.34,1.01,1,2022-04-01,1720,T,68,6.1NRT,309.28,11.36,D
17.88335,-95.28437,321.93,2.34,1.48,2022-04-01,1720,T,69,6.1NRT,302.52,27.73,D
19.35845,-104.92502,324.78,1.22,1.1,2022-04-01,1720,T,72,6.1NRT,296.63,18.88,D
19.18635,-103.65408,341.18,1.07,1.03,2022-04-01,1720,T,89,6.1NRT,310.56,32.86,D
19.17713,-103.65536,331.78,1.07,1.03,2022-04-01,1720,T,75,6.1NRT,312.67,18.9,D
18.66919,-100.62609,366.74,1.06,1.03,2022-04-01,1720,T,100,6.1NRT,317.72,94.1,D
18.68147,-100.94109,326.02,1.04,1.02,2022-04-01,1720,T,58,6.1NRT,314.78,6.88,D
18.66202,-100.87455,333.47,1.04,1.02,2022-04-01,1720,T,64,6.1NRT,317.46,16.24,D
17.88157,-98.42989,320.19,1.39,1.17,2022-04-01,1720,T,41,6.1NRT,306.8,10.49,D
18.01899,-99.32436,379.38,1.23,1.1,2022-04-01,1720,T,100,6.1NRT,317.07,184.19,D
18.01709,-99.31271,360.08,1.23,1.1,2022-04-01,1720,T,100,6.1NRT,315.03,96.71,D
18.09159,-99.92562,322.06,1.14,1.06,2022-04-01,1720,T,47,6.1NRT,308.46,7.56,D
17.93123,-99.16681,330.51,1.25,1.11,2022-04-01,1720,T,73,6.1NRT,312.41,19,D
17.78519,-98.53374,332.13,1.38,1.16,2022-04-01,1720,T,80,6.1NRT,306.84,30.72,D
17.77697,-98.52887,325.7,1.38,1.16,2022-04-01,1720,T,51,6.1NRT,305.8,19.88,D
18.18789,-101.33681,324.73,1.02,1.01,2022-04-01,1720,T,71,6.1NRT,299.4,19,D
18.0866,-101.09361,326.19,1.04,1.02,2022-04-01,1720,T,74,6.1NRT,309.58,11.78,D
17.92544,-101.06728,338.89,1.04,1.02,2022-04-01,1720,T,88,6.1NRT,305.36,32.33,D
17.92401,-101.05796,329.48,1.04,1.02,2022-04-01,1720,T,79,6.1NRT,307.3,18.97,D
17.91637,-101.06874,357.06,1.04,1.02,2022-04-01,1720,T,98,6.1NRT,305.71,71.78,D
17.91495,-101.05946,333.98,1.04,1.02,2022-04-01,1720,T,84,6.1NRT,303.48,25.46,D
17.90731,-101.07021,324.23,1.04,1.02,2022-04-01,1720,T,68,6.1NRT,307.5,13.05,D
17.9059,-101.061,331.19,1.04,1.02,2022-04-01,1720,T,81,6.1NRT,303.17,23,D
18.17845,-102.96707,340.86,1.01,1.01,2022-04-01,1720,T,67,6.1NRT,303.63,37.49,D
18.17709,-102.95762,325.48,1.01,1.01,2022-04-01,1720,T,64,6.1NRT,302.7,15.29,D
48.97512,-115.07375,304.27,1.11,1.05,2022-04-01,1851,T,0,6.1NRT,271.8,9.56,D
47.9045,-118.51476,307.24,1,1,2022-04-01,1851,T,53,6.1NRT,287.22,9.3,D
46.36505,-118.27593,312.92,1.01,1,2022-04-01,1851,T,73,6.1NRT,292.7,9.19,D
45.22937,-123.16386,305.85,1.18,1.08,2022-04-01,1851,T,52,6.1NRT,290.96,7.69,D
44.00615,-117.1153,313.78,1.12,1.05,2022-04-01,1851,T,74,6.1NRT,293.4,9.22,D
43.5999,-116.92625,306.35,1.15,1.07,2022-04-01,1851,T,55,6.1NRT,287.53,7,D
43.55233,-118.87981,326.32,1.02,1.01,2022-04-01,1851,T,84,6.1NRT,299.39,16.11,D
43.55038,-118.86742,322.4,1.02,1.01,2022-04-01,1851,T,82,6.1NRT,301.66,11.89,D
43.54342,-118.88243,327.03,1.02,1.01,2022-04-01,1851,T,85,6.1NRT,299.42,17.26,D
43.54147,-118.87004,323.96,1.02,1.01,2022-04-01,1851,T,83,6.1NRT,302.64,13.75,D
43.47058,-121.69978,300.76,1.04,1.02,2022-04-01,1851,T,30,6.1NRT,288.29,3.26,D
40.51672,-123.76669,306.97,1.11,1.05,2022-04-01,1853,T,58,6.1NRT,287.69,8.42,D
39.77106,-122.00409,313.05,1.01,1,2022-04-01,1853,T,50,6.1NRT,301.09,6.33,D
39.76943,-121.99249,312.51,1.01,1,2022-04-01,1853,T,54,6.1NRT,300.46,5.45,D
39.54778,-122.25343,317.28,1.01,1.01,2022-04-01,1853,T,73,6.1NRT,303.63,10.05,D
38.96482,-118.79675,321.85,1.13,1.06,2022-04-01,1853,T,58,6.1NRT,307.68,8.82,D
39.35618,-122.07099,323.71,1.01,1,2022-04-01,1853,T,81,6.1NRT,306.35,12.32,D
39.35455,-122.05948,330.69,1.01,1,2022-04-01,1853,T,86,6.1NRT,307.02,20.33,D
39.30494,-123.10704,315.93,1.04,1.02,2022-04-01,1853,T,71,6.1NRT,298.2,12.14,D
38.90963,-121.59753,320.72,1,1,2022-04-01,1853,T,71,6.1NRT,300.55,12.55,D
38.7782,-122.02831,313.92,1,1,2022-04-01,1853,T,69,6.1NRT,296.84,8.28,D
38.70437,-122.02828,312.08,1,1,2022-04-01,1853,T,65,6.1NRT,298.69,5.72,D
38.24928,-120.53757,308.8,1.03,1.01,2022-04-01,1853,T,59,6.1NRT,294.4,5.47,D
36.61505,-120.00159,317.21,1.1,1.04,2022-04-01,1853,T,70,6.1NRT,297.83,11.71,D
36.61306,-119.98958,317.44,1.1,1.04,2022-04-01,1853,T,64,6.1NRT,295.4,11.29,D
36.45555,-119.94797,313.59,1.1,1.05,2022-04-01,1853,T,50,6.1NRT,299.73,6.78,D
36.27418,-120.03122,329.77,1.1,1.05,2022-04-01,1853,T,83,6.1NRT,304.23,23.31,D
36.26934,-120.03841,319.28,1.1,1.05,2022-04-01,1853,T,57,6.1NRT,302.36,10.88,D
36.26736,-120.02637,325.2,1.1,1.05,2022-04-01,1853,T,68,6.1NRT,302.81,18.38,D
19.4098,-155.28625,405.98,1.39,1.17,2022-04-01,2038,T,100,6.1NRT,319.13,457.42,D
19.40822,-155.2733,379.47,1.38,1.16,2022-04-01,2038,T,100,6.1NRT,315.36,232.75,D
19.39937,-155.28757,328.23,1.39,1.17,2022-04-01,2038,T,82,6.1NRT,302.45,30.61,D
19.39779,-155.27457,321.1,1.38,1.16,2022-04-01,2038,T,72,6.1NRT,301.62,19.37,D
19.40377,-155.29306,361.15,1.39,1.17,2022-04-01,2038,T,100,6.1NRT,304.8,130.73,D
19.40212,-155.28021,388.63,1.38,1.16,2022-04-01,2038,T,100,6.1NRT,314.1,297.64,D
22.99218,-99.00257,310.4,2.26,1.46,2022-04-02,0414,T,80,6.1NRT,288.49,30.08,N
22.98818,-99.02412,308.98,2.27,1.46,2022-04-02,0414,T,76,6.1NRT,290.41,27.38,N
22.99014,-99.00755,317.43,2.26,1.46,2022-04-02,0414,T,95,6.1NRT,289.26,48.87,N
22.986,-99.02903,301.52,2.27,1.46,2022-04-02,0414,T,42,6.1NRT,290.37,12.46,N
32.45841,-97.03674,306.3,1.15,1.07,2022-04-02,0417,T,68,6.1NRT,286.65,11.14,N
32.45642,-97.04877,308.3,1.15,1.07,2022-04-02,0417,T,74,6.1NRT,285.72,12.67,N
31.50199,-102.63818,302.05,2.6,1.55,2022-04-02,0417,T,46,6.1NRT,287.39,26.56,N
17.94176,-88.9614,307.45,1.08,1.04,2022-04-02,0414,T,71,6.1NRT,292.19,8.56,N
18.01947,-88.50892,332.09,1.13,1.06,2022-04-02,0414,T,100,6.1NRT,293.24,37.34,N
18.01812,-88.51947,314.91,1.13,1.06,2022-04-02,0414,T,90,6.1NRT,292.04,15.21,N
17.93814,-90.3536,306.58,1,1,2022-04-02,0414,T,69,6.1NRT,293.97,5.26,N
17.87767,-92.48923,302.78,1.08,1.04,2022-04-02,0414,T,35,6.1NRT,290.46,5.64,N
17.89613,-92.49236,310.75,1.08,1.04,2022-04-02,0414,T,81,6.1NRT,290.68,11.22,N
17.88861,-93.1832,325.69,1.15,1.07,2022-04-02,0414,T,98,6.1NRT,293.54,27.93,N
17.88693,-93.19391,314.33,1.15,1.07,2022-04-02,0414,T,63,6.1NRT,292.93,14.58,N
17.89812,-93.18485,360.13,1.15,1.07,2022-04-02,0414,T,100,6.1NRT,294.86,105.66,N
17.89645,-93.19554,310.68,1.15,1.07,2022-04-02,0414,T,58,6.1NRT,293.06,11.18,N
17.91444,-93.52421,313.09,1.2,1.09,2022-04-02,0414,T,86,6.1NRT,293.99,13.56,N
18.00533,-93.08941,311.7,1.14,1.06,2022-04-02,0414,T,83,6.1NRT,293.63,11.35,N
18.70465,-88.47676,301.73,1.15,1.07,2022-04-02,0414,T,44,6.1NRT,291.01,3.95,N
18.06248,-93.31392,305.6,1.16,1.07,2022-04-02,0414,T,65,6.1NRT,294.02,7.18,N
18.13155,-93.39928,327.46,1.17,1.08,2022-04-02,0414,T,100,6.1NRT,294.63,30.59,N
18.14115,-93.40095,304.96,1.17,1.08,2022-04-02,0414,T,62,6.1NRT,294.11,6.13,N
18.86927,-88.62248,304.8,1.14,1.06,2022-04-02,0414,T,62,6.1NRT,289.28,6.57,N
18.08961,-94.04539,327.64,1.27,1.12,2022-04-02,0414,T,100,6.1NRT,294.74,35.5,N
18.08774,-94.05724,307.6,1.28,1.12,2022-04-02,0414,T,72,6.1NRT,294.25,9.44,N
18.91778,-88.58056,343.21,1.15,1.07,2022-04-02,0414,T,100,6.1NRT,290.32,58.86,N
18.91641,-88.59135,351.79,1.14,1.07,2022-04-02,0414,T,100,6.1NRT,290.44,79.85,N
18.9778,-88.56732,308.8,1.15,1.07,2022-04-02,0414,T,76,6.1NRT,290.72,9.15,N
18.44003,-93.16684,314.17,1.13,1.06,2022-04-02,0414,T,88,6.1NRT,296.78,12.63,N
19.43096,-89.31137,309.09,1.08,1.04,2022-04-02,0414,T,73,6.1NRT,295.71,7.26,N
19.4495,-89.31413,315.96,1.08,1.04,2022-04-02,0414,T,91,6.1NRT,295.35,12.99,N
18.50867,-96.13843,306.02,1.72,1.29,2022-04-02,0414,T,67,6.1NRT,293.08,14.76,N
18.50598,-96.15444,309.98,1.73,1.29,2022-04-02,0414,T,79,6.1NRT,292.88,20.75,N
19.35943,-90.64865,321.56,1,1,2022-04-02,0414,T,100,6.1NRT,293.67,17.83,N
19.35811,-90.6581,317.63,1,1,2022-04-02,0414,T,95,6.1NRT,293.8,14.02,N
18.50568,-96.14342,313.08,1.72,1.29,2022-04-02,0414,T,86,6.1NRT,293.13,24.17,N
19.41174,-90.60477,304.22,1.01,1,2022-04-02,0414,T,47,6.1NRT,293.41,4.03,N
19.41043,-90.61423,304.34,1.01,1,2022-04-02,0414,T,48,6.1NRT,293.36,4.11,N
19.49636,-90.45946,313.84,1.01,1,2022-04-02,0414,T,86,6.1NRT,294.41,10.74,N
19.49505,-90.46897,307.62,1.01,1,2022-04-02,0414,T,66,6.1NRT,294.28,6.11,N
19.61133,-89.74567,306.93,1.05,1.02,2022-04-02,0414,T,64,6.1NRT,295.64,5.16,N
19.29928,-92.16354,308.46,1.03,1.01,2022-04-02,0414,T,61,6.1NRT,296.17,5.62,N
18.07625,-99.45175,307.96,3.11,1.67,2022-04-02,0414,T,73,6.1NRT,294.68,35.35,N
18.07529,-99.45737,308.55,3.11,1.67,2022-04-02,0414,T,75,6.1NRT,294.7,35.89,N
19.39155,-92.0366,307.51,1.02,1.01,2022-04-02,0414,T,55,6.1NRT,295.37,5.27,N
19.39013,-92.04621,323.55,1.02,1.01,2022-04-02,0414,T,100,6.1NRT,295.73,19.35,N
19.438,-92.0345,307.43,1.02,1.01,2022-04-02,0414,T,54,6.1NRT,295.45,5.37,N
19.43098,-92.08262,312.16,1.02,1.01,2022-04-02,0414,T,78,6.1NRT,295.52,8.75,N
19.56499,-92.23618,312.76,1.03,1.01,2022-04-02,0414,T,80,6.1NRT,295.77,9.6,N
20.40895,-89.4835,312.35,1.08,1.04,2022-04-02,0414,T,82,6.1NRT,296.26,9.31,N
20.40246,-104.744,311.42,4.82,2,2022-04-02,0553,T,75,6.1NRT,284.19,128.32,N
20.40097,-104.75123,311.71,4.82,2,2022-04-02,0553,T,76,6.1NRT,284.28,132.16,N
19.40035,-155.30409,312.34,3.87,1.83,2022-04-02,0909,T,78,6.1NRT,284.63,99.89,N
19.40976,-155.27339,306.57,3.9,1.84,2022-04-02,0909,T,47,6.1NRT,283.52,74.92,N
19.40652,-155.31032,305.76,3.87,1.83,2022-04-02,0909,T,37,6.1NRT,284.38,68.5,N
18.92562,-70.35838,315.11,2.29,1.46,2022-04-02,1446,T,63,6.1NRT,294.44,25.82,D
18.92623,-70.34344,314.13,2.28,1.46,2022-04-02,1446,T,43,6.1NRT,292.93,23.05,D
45.68792,-73.9379,301.07,1.62,1.25,2022-04-02,1618,T,42,6.1NRT,279.42,14.12,D
45.13358,-73.66602,312.64,1.73,1.29,2022-04-02,1618,T,73,6.1NRT,279.08,31.98,D
44.10167,-78.75376,300.09,1.09,1.04,2022-04-02,1618,T,26,6.1NRT,283.72,5.49,D
43.2617,-79.80508,306.93,1.05,1.02,2022-04-02,1620,T,49,6.1NRT,287.98,5.99,D
38.8221,-75.60405,304.27,1.95,1.36,2022-04-02,1620,T,58,6.1NRT,288.1,15.24,D
38.38675,-75.97346,313.12,1.9,1.35,2022-04-02,1620,T,0,6.1NRT,287.68,29.62,D
38.38237,-75.95237,312.04,1.91,1.35,2022-04-02,1620,T,34,6.1NRT,286.64,27.56,D
38.36493,-78.91059,301.77,1.31,1.14,2022-04-02,1620,T,43,6.1NRT,288.37,5.47,D
38.08341,-77.60691,300.83,1.55,1.23,2022-04-02,1620,T,42,6.1NRT,288.32,7.32,D
38.08244,-77.61302,303.36,1.55,1.23,2022-04-02,1620,T,56,6.1NRT,288.96,9.52,D
37.31066,-79.89594,302.81,1.23,1.1,2022-04-02,1620,T,38,6.1NRT,288.32,4.53,D
38.94863,-96.15057,304.38,4.5,1.95,2022-04-02,1620,T,33,6.1NRT,288.27,37.25,D
38.94717,-96.09898,306.27,4.47,1.94,2022-04-02,1620,T,50,6.1NRT,288.34,47.65,D
38.92932,-96.10712,301.97,4.47,1.94,2022-04-02,1620,T,27,6.1NRT,288.18,27.65,D
38.77516,-96.23071,300.73,4.54,1.96,2022-04-02,1620,T,41,6.1NRT,287.45,27.43,D
38.75238,-96.07706,331.37,4.44,1.94,2022-04-02,1620,T,87,6.1NRT,289.19,255.91,D
38.73486,-96.07795,307.87,4.44,1.94,2022-04-02,1620,T,66,6.1NRT,287.35,62.96,D
38.74991,-96.08292,329.29,4.44,1.94,2022-04-02,1620,T,65,6.1NRT,289.32,232.93,D
38.73238,-96.08362,303.45,4.44,1.94,2022-04-02,1620,T,56,6.1NRT,287.34,39.85,D
38.50323,-95.56037,300.81,4.11,1.88,2022-04-02,1620,T,42,6.1NRT,288.17,24.76,D
38.42624,-95.42911,315.48,4.03,1.86,2022-04-02,1620,T,76,6.1NRT,288.44,99.82,D
38.42206,-95.4371,312.66,4.03,1.86,2022-04-02,1620,T,73,6.1NRT,288.09,82.68,D
38.42007,-95.39133,301.83,4,1.86,2022-04-02,1620,T,49,6.1NRT,287.15,29.64,D
38.31518,-96.3354,301.8,4.57,1.96,2022-04-02,1620,T,49,6.1NRT,288.22,30.9,D
38.26817,-96.55121,302.5,4.71,1.99,2022-04-02,1620,T,52,6.1NRT,287.85,35.94,D
38.24911,-95.93084,326.07,4.31,1.92,2022-04-02,1620,T,84,6.1NRT,288.64,186.3,D
38.24745,-95.88129,318.01,4.28,1.91,2022-04-02,1620,T,59,6.1NRT,288.32,115.85,D
38.31586,-96.34378,302.64,4.57,1.96,2022-04-02,1620,T,53,6.1NRT,288.2,33.38,D
38.26995,-96.55924,302.16,4.71,1.99,2022-04-02,1620,T,51,6.1NRT,287.85,34.86,D
38.24763,-95.939,322.65,4.31,1.92,2022-04-02,1620,T,82,6.1NRT,288.55,161.31,D
38.2457,-95.88947,327.96,4.28,1.91,2022-04-02,1620,T,74,6.1NRT,288.74,209.1,D
36.47441,-79.73341,308.31,1.29,1.13,2022-04-02,1620,T,67,6.1NRT,288.16,11.06,D
36.22537,-80.31229,301.06,1.22,1.1,2022-04-02,1620,T,34,6.1NRT,287.75,3.73,D
36.0404,-80.31792,305.73,1.23,1.1,2022-04-02,1620,T,56,6.1NRT,293.68,5.85,D
37.64394,-95.91135,305.32,4.25,1.91,2022-04-02,1620,T,61,6.1NRT,288.59,44.03,D
37.64119,-95.91682,303.19,4.25,1.91,2022-04-02,1620,T,55,6.1NRT,288.48,33.21,D
35.96361,-80.46871,305.19,1.21,1.09,2022-04-02,1620,T,61,6.1NRT,291.98,6.32,D
35.77514,-79.81153,303.82,1.31,1.14,2022-04-02,1620,T,55,6.1NRT,292.65,5.23,D
37.45049,-96.48491,309,4.61,1.97,2022-04-02,1620,T,68,6.1NRT,289.34,65.33,D
36.19569,-83.02406,302.68,1.01,1.01,2022-04-02,1620,T,53,6.1NRT,290.04,3.15,D
37.45073,-96.49053,308.1,4.61,1.97,2022-04-02,1620,T,67,6.1NRT,289.47,63.48,D
35.795,-80.93491,304.15,1.16,1.07,2022-04-02,1620,T,38,6.1NRT,291.94,5.19,D
35.79286,-80.92227,306.65,1.17,1.07,2022-04-02,1620,T,62,6.1NRT,291.33,6.67,D
35.71545,-80.87601,303.14,1.17,1.08,2022-04-02,1620,T,55,6.1NRT,289.92,4.3,D
35.29314,-80.23955,303.51,1.27,1.12,2022-04-02,1620,T,53,6.1NRT,293.48,5.15,D
35.06485,-79.10131,345.05,1.48,1.2,2022-04-02,1620,T,94,6.1NRT,296.25,86.84,D
35.06188,-79.08546,310.93,1.48,1.2,2022-04-02,1620,T,49,6.1NRT,293.4,9.56,D
34.80319,-78.28149,303.44,1.67,1.27,2022-04-02,1620,T,15,6.1NRT,292.98,5.94,D
34.42755,-79.74207,304.03,1.4,1.17,2022-04-02,1620,T,57,6.1NRT,289.73,9.62,D
34.45106,-81.95001,302.6,1.1,1.05,2022-04-02,1620,T,52,6.1NRT,292.15,4.25,D
34.44325,-81.90272,301.41,1.11,1.05,2022-04-02,1620,T,33,6.1NRT,289.68,3.06,D
34.44128,-81.89086,302.94,1.11,1.05,2022-04-02,1620,T,47,6.1NRT,290.64,4.04,D
34.05769,-79.75568,303.72,1.42,1.18,2022-04-02,1620,T,40,6.1NRT,293.68,4.85,D
33.92823,-80.06506,317.03,1.37,1.16,2022-04-02,1620,T,75,6.1NRT,295.02,19.33,D
33.92558,-80.05053,316.4,1.37,1.16,2022-04-02,1620,T,75,6.1NRT,297.01,17.61,D
33.86024,-79.92957,307.81,1.4,1.17,2022-04-02,1620,T,39,6.1NRT,295.88,6.61,D
34.15501,-82.07537,308.51,1.1,1.05,2022-04-02,1620,T,66,6.1NRT,294.24,7.86,D
35.55207,-97.03556,304.74,4.82,2,2022-04-02,1620,T,60,6.1NRT,290.4,45.37,D
35.55415,-97.04108,305.65,4.82,2,2022-04-02,1620,T,62,6.1NRT,290.33,51.47,D
34.03748,-82.54614,303.22,1.07,1.03,2022-04-02,1620,T,47,6.1NRT,292.07,4.05,D
33.87839,-81.67579,308.64,1.15,1.07,2022-04-02,1620,T,67,6.1NRT,293.43,8.59,D
34.02027,-82.72023,304.47,1.06,1.03,2022-04-02,1620,T,59,6.1NRT,291.3,4.76,D
34.01847,-82.70896,305.37,1.06,1.03,2022-04-02,1620,T,61,6.1NRT,291.43,5.33,D
33.72586,-82.85208,312.56,1.05,1.02,2022-04-02,1620,T,73,6.1NRT,291.58,11.04,D
33.71677,-82.8541,304.52,1.05,1.02,2022-04-02,1620,T,25,6.1NRT,290.13,4.8,D
33.41893,-89.82362,316.41,1.55,1.23,2022-04-02,1622,T,76,6.1NRT,290.92,24.49,D
33.40792,-89.82518,324.27,1.55,1.23,2022-04-02,1622,T,83,6.1NRT,291.21,39.84,D
32.6124,-93.27837,309.06,2.55,1.54,2022-04-02,1622,T,64,6.1NRT,293.43,26.01,D
27.28817,-81.3009,322.56,1.54,1.22,2022-04-02,1622,T,65,6.1NRT,304.13,21.94,D
27.28543,-81.28566,324.12,1.54,1.22,2022-04-02,1622,T,67,6.1NRT,304.36,25.81,D
26.27229,-81.38878,317.47,1.59,1.24,2022-04-02,1622,T,50,6.1NRT,299.8,19.4,D
26.0234,-80.47586,363.53,1.85,1.33,2022-04-02,1622,T,100,6.1NRT,294.8,220.98,D
26.02002,-80.45778,323.02,1.86,1.33,2022-04-02,1622,T,68,6.1NRT,288.46,35.26,D
25.94945,-80.47408,320.02,1.86,1.33,2022-04-02,1622,T,64,6.1NRT,295.38,30.11,D
25.94375,-80.481,317.86,1.86,1.33,2022-04-02,1622,T,68,6.1NRT,296.17,26.41,D
25.94542,-80.55566,317.03,1.83,1.33,2022-04-02,1622,T,67,6.1NRT,294.92,25.29,D
22.8094,-80.42608,320.81,2.18,1.43,2022-04-02,1624,T,70,6.1NRT,299.63,32.87,D
22.80993,-80.43153,317.72,2.18,1.43,2022-04-02,1624,T,37,6.1NRT,299.6,21.17,D
22.66285,-80.76422,328.03,2.07,1.4,2022-04-02,1624,T,76,6.1NRT,301.7,41.98,D
22.66143,-80.77032,321.22,2.07,1.4,2022-04-02,1624,T,63,6.1NRT,300.84,22.27,D
22.65777,-80.75056,320.66,2.08,1.4,2022-04-02,1624,T,57,6.1NRT,302.07,21.73,D
22.65541,-81.01215,323.71,1.99,1.38,2022-04-02,1624,T,46,6.1NRT,305.54,24.71,D
21.9882,-78.69746,324.28,3.03,1.66,2022-04-02,1624,T,74,6.1NRT,300.06,62.3,D
21.98843,-78.70409,320.73,3.03,1.66,2022-04-02,1624,T,69,6.1NRT,299.54,44.31,D
21.98274,-78.67538,320.08,3.05,1.66,2022-04-02,1624,T,67,6.1NRT,300.54,38.84,D
22.1839,-80.40874,319.93,2.25,1.45,2022-04-02,1624,T,68,6.1NRT,303.49,22.45,D
22.51647,-83.39252,320.54,1.38,1.16,2022-04-02,1624,T,59,6.1NRT,303.09,9.38,D
21.32631,-88.9928,332,1.05,1.02,2022-04-02,1624,T,60,6.1NRT,307.66,19.08,D
21.26151,-89.06385,350.76,1.05,1.02,2022-04-02,1624,T,95,6.1NRT,307.61,55.2,D
21.26014,-89.05385,361.86,1.05,1.02,2022-04-02,1624,T,100,6.1NRT,309.14,84.23,D
20.77866,-87.80125,324.38,1,1,2022-04-02,1624,T,73,6.1NRT,302.04,13.73,D
20.74797,-89.88589,336.92,1.11,1.05,2022-04-02,1624,T,86,6.1NRT,305.25,33.89,D
20.74656,-89.87533,323.82,1.11,1.05,2022-04-02,1624,T,70,6.1NRT,304.09,13.57,D
20.52622,-89.60261,346.08,1.08,1.04,2022-04-02,1624,T,92,6.1NRT,306.65,46.71,D
20.52483,-89.59237,328.31,1.08,1.04,2022-04-02,1624,T,77,6.1NRT,306.6,16.05,D
20.60146,-90.31517,322.42,1.16,1.07,2022-04-02,1624,T,40,6.1NRT,306.12,10.17,D
20.26126,-89.21366,337.46,1.04,1.02,2022-04-02,1624,T,87,6.1NRT,303.43,32.27,D
20.2599,-89.20379,344.03,1.04,1.02,2022-04-02,1624,T,91,6.1NRT,304.36,44.05,D
20.18164,-88.90247,328.93,1.03,1.01,2022-04-02,1624,T,79,6.1NRT,303.39,18.38,D
20.19384,-89.39256,347.56,1.06,1.03,2022-04-02,1624,T,93,6.1NRT,304.78,51.75,D
20.19248,-89.38256,318.99,1.06,1.03,2022-04-02,1624,T,62,6.1NRT,302.92,7.46,D
20.14487,-89.36529,316.18,1.05,1.02,2022-04-02,1624,T,54,6.1NRT,301.59,6.39,D
20.14349,-89.35532,320.34,1.05,1.02,2022-04-02,1624,T,67,6.1NRT,301.42,10.42,D
19.97154,-88.84866,374.76,1.02,1.01,2022-04-02,1624,T,100,6.1NRT,303.83,127.06,D
19.78733,-89.37331,324.92,1.05,1.02,2022-04-02,1624,T,67,6.1NRT,305.9,12.75,D
19.76698,-90.24989,323.1,1.13,1.06,2022-04-02,1624,T,52,6.1NRT,306.76,8.56,D
19.58345,-89.89479,365.85,1.09,1.04,2022-04-02,1624,T,100,6.1NRT,305.33,103.16,D
19.58205,-89.88454,322.1,1.09,1.04,2022-04-02,1624,T,64,6.1NRT,304.71,8.68,D
19.44735,-89.31297,324.75,1.04,1.02,2022-04-02,1624,T,74,6.1NRT,304.89,12.11,D
19.45785,-89.85653,324.54,1.08,1.04,2022-04-02,1624,T,72,6.1NRT,303.27,12.9,D
19.45647,-89.84633,317.36,1.08,1.04,2022-04-02,1624,T,48,6.1NRT,302.77,5.57,D
19.46263,-90.14674,317.72,1.11,1.05,2022-04-02,1624,T,44,6.1NRT,303.85,6.54,D
19.46119,-90.13626,327.34,1.11,1.05,2022-04-02,1624,T,75,6.1NRT,304.16,17.13,D
19.33973,-89.26196,323.39,1.03,1.02,2022-04-02,1624,T,67,6.1NRT,302.37,11.95,D
19.39652,-89.87227,359.52,1.08,1.04,2022-04-02,1624,T,99,6.1NRT,308.06,82.32,D
19.39512,-89.86208,333.13,1.08,1.04,2022-04-02,1624,T,83,6.1NRT,304.35,24.48,D
19.38724,-89.87363,349.45,1.08,1.04,2022-04-02,1624,T,94,6.1NRT,306.06,54.81,D
19.38585,-89.86346,350.21,1.08,1.04,2022-04-02,1624,T,95,6.1NRT,306.72,57.07,D
19.32309,-89.7488,322.45,1.07,1.03,2022-04-02,1624,T,66,6.1NRT,302.5,11.27,D
19.39599,-92.04931,320.82,1.4,1.17,2022-04-02,1624,T,73,6.1NRT,295.18,26,D
19.39434,-92.03606,322.58,1.4,1.17,2022-04-02,1624,T,75,6.1NRT,295.18,28.98,D
19.15611,-90.74127,324.84,1.17,1.08,2022-04-02,1624,T,73,6.1NRT,305.31,13.29,D
19.29729,-92.16405,312.94,1.42,1.18,2022-04-02,1624,T,56,6.1NRT,294.76,15.09,D
18.70291,-88.47668,323.33,1,1,2022-04-02,1624,T,41,6.1NRT,305.77,10.52,D
18.92199,-90.18249,317.66,1.1,1.05,2022-04-02,1624,T,59,6.1NRT,303.11,6.83,D
18.8824,-90.6098,319.3,1.15,1.07,2022-04-02,1624,T,41,6.1NRT,304.55,7.54,D
18.87285,-90.61112,318.34,1.15,1.07,2022-04-02,1624,T,33,6.1NRT,303.21,6.14,D
18.77048,-90.28033,319.29,1.11,1.05,2022-04-02,1624,T,56,6.1NRT,304.55,7.08,D
18.3266,-89.19277,364.69,1.02,1.01,2022-04-02,1624,T,100,6.1NRT,303.19,94.33,D
18.32526,-89.18324,335.46,1.02,1.01,2022-04-02,1624,T,86,6.1NRT,295.94,28.94,D
18.09562,-88.67242,327.17,1,1,2022-04-02,1624,T,79,6.1NRT,301.62,17.31,D
18.37958,-90.86777,320.53,1.17,1.08,2022-04-02,1624,T,68,6.1NRT,302.94,8.2,D
18.02521,-88.50799,320.51,1,1,2022-04-02,1624,T,69,6.1NRT,302.11,9.57,D
18.01764,-88.51871,336.92,1,1,2022-04-02,1624,T,87,6.1NRT,303.08,29.16,D
18.01628,-88.50938,346.45,1,1,2022-04-02,1624,T,93,6.1NRT,304.2,46.21,D
19.00349,-96.65298,318.28,3.02,1.65,2022-04-02,1624,T,60,6.1NRT,296.71,24.62,D
18.22464,-90.93594,323.94,1.17,1.08,2022-04-02,1624,T,74,6.1NRT,304.11,9.99,D
18.10368,-90.50127,325.56,1.12,1.05,2022-04-02,1624,T,75,6.1NRT,304.12,16.78,D
17.74145,-88.77121,323.09,1,1,2022-04-02,1624,T,51,6.1NRT,305.37,10.75,D
18.07031,-93.63491,317.5,1.73,1.29,2022-04-02,1624,T,55,6.1NRT,300.24,13.31,D
18.08934,-94.09494,321.58,1.87,1.34,2022-04-02,1624,T,70,6.1NRT,296.69,31.53,D
17.89517,-92.49175,318.23,1.43,1.18,2022-04-02,1624,T,47,6.1NRT,299.26,13.74,D
17.90116,-93.18757,326.39,1.6,1.25,2022-04-02,1624,T,77,6.1NRT,299.23,32.38,D
17.89932,-93.17265,318.66,1.6,1.24,2022-04-02,1624,T,56,6.1NRT,298.99,16.14,D
17.88999,-93.18896,326.07,1.6,1.25,2022-04-02,1624,T,77,6.1NRT,300.54,30.34,D
17.88817,-93.17402,318.28,1.6,1.24,2022-04-02,1624,T,46,6.1NRT,300.38,13.89,D
17.84759,-93.11875,337.54,1.58,1.24,2022-04-02,1624,T,87,6.1NRT,299.35,58.77,D
17.83649,-93.12012,322.8,1.58,1.24,2022-04-02,1624,T,72,6.1NRT,299.62,21.75,D
18.06039,-99.42466,320.44,4.75,1.99,2022-04-02,1624,T,60,6.1NRT,303.43,69.97,D
18.06146,-99.43074,322.03,4.75,1.99,2022-04-02,1624,T,69,6.1NRT,303.61,86.13,D
47.73777,-101.89519,308.4,1.1,1.04,2022-04-02,1754,T,63,6.1NRT,294.17,5.43,D
47.60792,-110.34074,324.08,1.4,1.17,2022-04-02,1756,T,82,6.1NRT,293.34,32.06,D
43.22179,-95.21651,327.01,2.91,1.63,2022-04-02,1756,T,85,6.1NRT,286.19,119.42,D
43.20789,-95.22292,326.37,2.91,1.63,2022-04-02,1756,T,84,6.1NRT,283.88,115.36,D
43.32815,-98.53025,306.91,1.9,1.35,2022-04-02,1756,T,59,6.1NRT,292.98,10.91,D
43.32327,-98.50777,318.5,1.9,1.35,2022-04-02,1756,T,77,6.1NRT,291.78,34.1,D
43.09498,-98.07768,306.64,2.04,1.39,2022-04-02,1756,T,56,6.1NRT,293.2,11.45,D
42.64421,-97.06622,309.84,2.39,1.49,2022-04-02,1756,T,50,6.1NRT,291.44,22.01,D
42.64868,-97.06963,309.29,2.39,1.49,2022-04-02,1756,T,66,6.1NRT,291.55,21.9,D
42.63582,-97.075,308.53,2.39,1.49,2022-04-02,1756,T,64,6.1NRT,291.9,20.51,D
42.62941,-97.04737,305.77,2.4,1.49,2022-04-02,1756,T,57,6.1NRT,291.57,14.02,D
42.78058,-98.30896,302.91,2.02,1.38,2022-04-02,1756,T,30,6.1NRT,290.26,6.89,D
42.02797,-97.31745,303.46,2.41,1.5,2022-04-02,1756,T,43,6.1NRT,289.26,15.72,D
40.72562,-96.93719,305.83,2.75,1.59,2022-04-02,1756,T,50,6.1NRT,292.19,19.47,D
40.72247,-96.94408,305.68,2.75,1.59,2022-04-02,1756,T,48,6.1NRT,292.16,19.02,D
40.82927,-97.70786,320.74,2.47,1.51,2022-04-02,1756,T,78,6.1NRT,290.03,62.58,D
40.83529,-97.71194,316.4,2.47,1.51,2022-04-02,1756,T,73,6.1NRT,290.15,44.09,D
40.39306,-96.49115,307.61,2.99,1.64,2022-04-02,1756,T,56,6.1NRT,292.49,23.93,D
40.36773,-98.16811,308.4,2.39,1.49,2022-04-02,1756,T,55,6.1NRT,291.94,18.66,D
40.37263,-98.17283,314.04,2.39,1.49,2022-04-02,1756,T,68,6.1NRT,291.62,32.76,D
40.01564,-97.14249,309.09,2.8,1.6,2022-04-02,1756,T,58,6.1NRT,290.22,28.37,D
39.77752,-96.75497,308.9,3,1.65,2022-04-02,1756,T,57,6.1NRT,294.48,25.63,D
39.9027,-97.33654,307,2.75,1.59,2022-04-02,1756,T,47,6.1NRT,293.53,15.47,D
39.89925,-97.34322,307.16,2.75,1.59,2022-04-02,1756,T,49,6.1NRT,293.82,15.22,D
39.90282,-98.61588,342.98,2.31,1.47,2022-04-02,1756,T,92,6.1NRT,296.06,150.53,D
39.89688,-98.58982,316.65,2.32,1.47,2022-04-02,1756,T,72,6.1NRT,293.88,35.7,D
39.90632,-98.62147,334.93,2.31,1.47,2022-04-02,1756,T,88,6.1NRT,296.27,103.79,D
39.90052,-98.59528,327.16,2.32,1.47,2022-04-02,1756,T,83,6.1NRT,294.52,69.94,D
39.32439,-97.2968,316.9,2.87,1.62,2022-04-02,1756,T,72,6.1NRT,294.36,52.48,D
39.3105,-97.30249,335.74,2.87,1.62,2022-04-02,1756,T,88,6.1NRT,293.66,153.1,D
39.32264,-97.3029,324.18,2.87,1.62,2022-04-02,1756,T,80,6.1NRT,294.71,83.49,D
39.30876,-97.30867,329.62,2.87,1.62,2022-04-02,1756,T,84,6.1NRT,293.16,110.13,D
38.97074,-96.11462,306.27,3.45,1.75,2022-04-02,1756,T,42,6.1NRT,290.75,31.7,D
38.96116,-96.07646,322.18,3.47,1.75,2022-04-02,1756,T,78,6.1NRT,291.08,111.36,D
39.05671,-96.52497,326.08,3.25,1.7,2022-04-02,1756,T,82,6.1NRT,293.4,116.44,D
39.04779,-96.48901,311.45,3.26,1.71,2022-04-02,1756,T,63,6.1NRT,291.5,41.94,D
38.85678,-95.73102,306.51,3.66,1.79,2022-04-02,1756,T,44,6.1NRT,289.07,40.58,D
39.0421,-96.53105,316.98,3.25,1.7,2022-04-02,1756,T,73,6.1NRT,292.13,66.9,D
39.04535,-96.53668,320.51,3.25,1.7,2022-04-02,1756,T,77,6.1NRT,292.4,82.27,D
38.76637,-96.25424,306.13,3.43,1.74,2022-04-02,1756,T,41,6.1NRT,290.39,30.6,D
38.65236,-95.87378,313.99,3.64,1.79,2022-04-02,1756,T,69,6.1NRT,290.43,69.12,D
38.60583,-95.76006,318.01,3.71,1.8,2022-04-02,1756,T,71,6.1NRT,289.79,88.63,D
38.5953,-95.71968,313.34,3.73,1.81,2022-04-02,1756,T,51,6.1NRT,289.51,65.05,D
38.77176,-96.25884,312.24,3.43,1.74,2022-04-02,1756,T,65,6.1NRT,290.74,56.06,D
38.64476,-95.88386,308.14,3.64,1.79,2022-04-02,1756,T,55,6.1NRT,289.85,44.14,D
38.61433,-95.76366,310.67,3.71,1.8,2022-04-02,1756,T,62,6.1NRT,289.92,56.3,D
38.604,-95.72301,315.4,3.73,1.81,2022-04-02,1756,T,67,6.1NRT,289.66,83.3,D
38.74979,-96.63,307.97,3.26,1.71,2022-04-02,1756,T,52,6.1NRT,292.7,30.54,D
38.7408,-96.59415,340.23,3.28,1.71,2022-04-02,1756,T,86,6.1NRT,292.77,232.4,D
38.44014,-95.42416,314.97,3.92,1.84,2022-04-02,1756,T,71,6.1NRT,289.49,89.15,D
38.97993,-97.62923,306.94,2.8,1.6,2022-04-02,1756,T,41,6.1NRT,293.79,16.27,D
38.74393,-96.59777,340.72,3.28,1.71,2022-04-02,1756,T,91,6.1NRT,293.23,238.09,D
38.97718,-97.63529,311.69,2.8,1.6,2022-04-02,1756,T,64,6.1NRT,294.18,32.76,D
38.43444,-95.43136,317.34,3.92,1.84,2022-04-02,1756,T,74,6.1NRT,289.9,105.33,D
38.64546,-96.3971,309.08,3.39,1.74,2022-04-02,1756,T,57,6.1NRT,290.86,37.26,D
38.63977,-96.43993,312.32,3.37,1.73,2022-04-02,1756,T,65,6.1NRT,291.57,50.59,D
38.63056,-96.40318,333.13,3.39,1.74,2022-04-02,1756,T,87,6.1NRT,292.15,180.05,D
38.72319,-96.83989,309.51,3.18,1.69,2022-04-02,1756,T,58,6.1NRT,292.67,33.76,D
38.7146,-96.80521,318.66,3.19,1.69,2022-04-02,1756,T,75,6.1NRT,293.01,74.26,D
38.48853,-96.04121,324.74,3.6,1.78,2022-04-02,1756,T,81,6.1NRT,290.26,126.59,D
38.63549,-96.40831,332.22,3.39,1.74,2022-04-02,1756,T,86,6.1NRT,292.81,168.42,D
38.71721,-96.81129,317.87,3.19,1.69,2022-04-02,1756,T,74,6.1NRT,293.38,69.47,D
38.62054,-96.41417,308.94,3.39,1.74,2022-04-02,1756,T,47,6.1NRT,290.47,36.47,D
38.70266,-96.81715,307.58,3.19,1.69,2022-04-02,1756,T,38,6.1NRT,291.03,24.12,D
38.49578,-96.04562,322.49,3.6,1.78,2022-04-02,1756,T,79,6.1NRT,290.44,118.58,D
38.33099,-96.21118,311.37,3.55,1.77,2022-04-02,1756,T,64,6.1NRT,290.81,55.97,D
38.55156,-97.29915,309.47,3.02,1.65,2022-04-02,1756,T,61,6.1NRT,293,30.31,D
38.5435,-97.26606,306.16,3.03,1.66,2022-04-02,1756,T,48,6.1NRT,292.46,19.59,D
38.23557,-96.03445,307.8,3.66,1.79,2022-04-02,1756,T,54,6.1NRT,290.8,41.04,D
38.66009,-97.81231,320.66,2.79,1.6,2022-04-02,1756,T,78,6.1NRT,294.29,65.75,D
38.5373,-97.3046,305.76,3.02,1.65,2022-04-02,1756,T,26,6.1NRT,291.67,17.27,D
38.55161,-97.30428,308.81,3.02,1.65,2022-04-02,1756,T,59,6.1NRT,293.09,28.36,D
38.54373,-97.27107,308.67,3.03,1.66,2022-04-02,1756,T,59,6.1NRT,292.38,28.08,D
38.65727,-97.81864,318.91,2.79,1.6,2022-04-02,1756,T,76,6.1NRT,294.31,59,D
38.22774,-96.04298,308.38,3.66,1.79,2022-04-02,1756,T,57,6.1NRT,290.7,44.01,D
38.24521,-96.37965,308.81,3.49,1.76,2022-04-02,1756,T,59,6.1NRT,291.21,39.85,D
38.31667,-96.79527,308.35,3.28,1.71,2022-04-02,1756,T,57,6.1NRT,291.32,35.91,D
38.25107,-96.38392,307.63,3.49,1.76,2022-04-02,1756,T,52,6.1NRT,291.17,32.74,D
38.32018,-96.8007,308.8,3.28,1.71,2022-04-02,1756,T,58,6.1NRT,291.32,38.27,D
38.15111,-96.38293,307.55,3.51,1.76,2022-04-02,1756,T,52,6.1NRT,290.75,33.84,D
38.04099,-95.94973,339.8,3.75,1.81,2022-04-02,1756,T,91,6.1NRT,292.44,277.34,D
38.03049,-95.90881,330.88,3.78,1.82,2022-04-02,1756,T,86,6.1NRT,291.8,190.45,D
38.27289,-96.93602,318.5,3.23,1.7,2022-04-02,1756,T,75,6.1NRT,292.67,79.2,D
38.26418,-96.90086,312.62,3.25,1.7,2022-04-02,1756,T,67,6.1NRT,292.07,52.56,D
38.13605,-96.38924,311.27,3.51,1.76,2022-04-02,1756,T,65,6.1NRT,290.86,51.7,D
38.02546,-95.95603,336.57,3.75,1.81,2022-04-02,1756,T,89,6.1NRT,292.02,242.23,D
38.01497,-95.91533,333.94,3.78,1.82,2022-04-02,1756,T,87,6.1NRT,290.73,219.79,D
38.03933,-95.91018,315.64,3.78,1.82,2022-04-02,1756,T,42,6.1NRT,291.06,71.07,D
38.27566,-96.94007,314.16,3.23,1.7,2022-04-02,1756,T,69,6.1NRT,292.47,58.31,D
38.26715,-96.90481,312.87,3.25,1.7,2022-04-02,1756,T,67,6.1NRT,292.35,53.27,D
38.14201,-96.39178,317.86,3.51,1.76,2022-04-02,1756,T,74,6.1NRT,291.18,84.55,D
38.03407,-95.9576,339.58,3.75,1.81,2022-04-02,1756,T,91,6.1NRT,292.25,261.18,D
38.02381,-95.91671,347.47,3.78,1.82,2022-04-02,1756,T,94,6.1NRT,292.18,363.05,D
38.01854,-95.96391,315.34,3.75,1.81,2022-04-02,1756,T,68,6.1NRT,291.25,71.93,D
38.00829,-95.92325,319.14,3.78,1.82,2022-04-02,1756,T,76,6.1NRT,289.9,96.69,D
37.75244,-95.06775,310.84,4.31,1.92,2022-04-02,1756,T,64,6.1NRT,289.67,78.13,D
38.17652,-96.86356,327.64,3.28,1.71,2022-04-02,1756,T,83,6.1NRT,292.63,135.02,D
38.17998,-96.8691,325.69,3.28,1.71,2022-04-02,1756,T,82,6.1NRT,292.4,121.85,D
38.17128,-96.83298,306.17,3.3,1.72,2022-04-02,1756,T,44,6.1NRT,291.7,27.65,D
38.04954,-96.60207,318.31,3.43,1.74,2022-04-02,1756,T,75,6.1NRT,291.28,85.23,D
37.81802,-96.19031,328.31,3.68,1.8,2022-04-02,1756,T,84,6.1NRT,291.78,163.36,D
37.82626,-96.19402,306.42,3.68,1.8,2022-04-02,1758,T,47,6.1NRT,291.62,32.25,D
37.81089,-96.20044,326.14,3.68,1.8,2022-04-02,1758,T,82,6.1NRT,291.21,144.6,D
37.90138,-96.83385,330.83,3.35,1.73,2022-04-02,1758,T,65,6.1NRT,292.89,154.75,D
37.78891,-96.38264,325.2,3.6,1.78,2022-04-02,1758,T,81,6.1NRT,293.08,126.69,D
37.77912,-96.34373,319.73,3.62,1.78,2022-04-02,1758,T,76,6.1NRT,293.08,91.08,D
37.88652,-96.83969,317.39,3.35,1.73,2022-04-02,1758,T,56,6.1NRT,291.62,75.38,D
37.77368,-96.38894,328.71,3.6,1.78,2022-04-02,1758,T,84,6.1NRT,292.4,154.48,D
37.76385,-96.35004,324.6,3.62,1.78,2022-04-02,1758,T,81,6.1NRT,292.09,125.02,D
37.65053,-95.90611,308.86,3.87,1.83,2022-04-02,1758,T,59,6.1NRT,290.94,50.58,D
37.8905,-96.84305,312.36,3.35,1.73,2022-04-02,1758,T,33,6.1NRT,291.83,45.36,D
37.7803,-96.39098,338.48,3.6,1.78,2022-04-02,1758,T,90,6.1NRT,293.25,236.11,D
37.77073,-96.35207,332.7,3.62,1.78,2022-04-02,1758,T,87,6.1NRT,293.6,183.05,D
37.64441,-95.91353,306.25,3.87,1.83,2022-04-02,1758,T,46,6.1NRT,290.69,38.39,D
38.1534,-98.75027,308.5,2.53,1.53,2022-04-02,1758,T,56,6.1NRT,293.61,19.9,D
37.48212,-96.12362,311.34,3.8,1.82,2022-04-02,1758,T,64,6.1NRT,292.05,55.65,D
37.47153,-96.0826,322.45,3.82,1.83,2022-04-02,1758,T,79,6.1NRT,292.45,124.51,D
38.1469,-98.75762,309.24,2.53,1.53,2022-04-02,1758,T,58,6.1NRT,293.08,21.19,D
37.48078,-96.08425,320.53,3.82,1.83,2022-04-02,1758,T,73,6.1NRT,292.33,110.37,D
37.48034,-96.21879,337.08,3.75,1.81,2022-04-02,1758,T,84,6.1NRT,293.13,246.95,D
37.47018,-96.17861,333.81,3.78,1.82,2022-04-02,1758,T,87,6.1NRT,293.51,207.68,D
37.46477,-96.22491,325.34,3.75,1.81,2022-04-02,1758,T,81,6.1NRT,292.55,140.89,D
37.45456,-96.18469,326.8,3.78,1.82,2022-04-02,1758,T,83,6.1NRT,293.17,150.75,D
37.42319,-96.06149,312.22,3.85,1.83,2022-04-02,1758,T,66,6.1NRT,292.25,56.73,D
37.41261,-96.0201,320.27,3.87,1.83,2022-04-02,1758,T,73,6.1NRT,292.49,108.61,D
37.38675,-96.12167,307.06,3.82,1.83,2022-04-02,1758,T,51,6.1NRT,292.2,34.58,D
37.45797,-96.23415,308.95,3.75,1.81,2022-04-02,1758,T,58,6.1NRT,291.87,43.29,D
37.448,-96.19399,317.93,3.78,1.82,2022-04-02,1758,T,74,6.1NRT,292.16,89.32,D
37.40687,-96.02893,327.51,3.87,1.83,2022-04-02,1758,T,83,6.1NRT,292.58,157.48,D
37.46577,-96.53795,312.21,3.6,1.78,2022-04-02,1758,T,66,6.1NRT,292.82,54.58,D
37.45604,-96.49895,323.69,3.62,1.78,2022-04-02,1758,T,80,6.1NRT,293.64,122.64,D
37.76799,-97.90914,313.77,2.91,1.63,2022-04-02,1758,T,59,6.1NRT,292.24,47.73,D
37.36995,-96.35911,307.47,3.71,1.8,2022-04-02,1758,T,53,6.1NRT,292.53,37.04,D
37.76666,-97.91486,315.41,2.91,1.63,2022-04-02,1758,T,71,6.1NRT,292.16,52.25,D
36.88062,-95.27927,310.37,4.44,1.94,2022-04-02,1758,T,63,6.1NRT,292.49,65.32,D
36.86805,-95.23228,313.65,4.47,1.94,2022-04-02,1758,T,69,6.1NRT,292.03,88.02,D
36.87911,-95.28489,307.83,4.44,1.94,2022-04-02,1758,T,56,6.1NRT,292.53,51.24,D
36.86681,-95.23787,316.63,4.47,1.94,2022-04-02,1758,T,73,6.1NRT,292.2,110.37,D
36.98252,-95.89047,325.07,4.05,1.87,2022-04-02,1758,T,81,6.1NRT,293.51,155.63,D
36.99456,-95.89251,320.66,4.05,1.87,2022-04-02,1758,T,78,6.1NRT,293.75,119.42,D
37.12085,-96.73954,327.46,3.57,1.77,2022-04-02,1758,T,83,6.1NRT,294.46,145.84,D
37.11134,-96.70145,324.12,3.6,1.78,2022-04-02,1758,T,81,6.1NRT,293.87,122.83,D
37.15897,-97.0919,327.33,3.39,1.74,2022-04-02,1758,T,83,6.1NRT,292.65,133.97,D
37.15304,-97.13371,305.18,3.37,1.73,2022-04-02,1758,T,25,6.1NRT,291.49,22.16,D
37.14402,-97.09765,316.65,3.39,1.74,2022-04-02,1758,T,73,6.1NRT,291.42,72.73,D
37.10719,-96.95089,306.82,3.47,1.75,2022-04-02,1758,T,29,6.1NRT,291.56,27.51,D
37.09795,-96.91416,315.92,3.49,1.76,2022-04-02,1758,T,73,6.1NRT,293.03,68.84,D
37.112,-96.74794,321.77,3.57,1.77,2022-04-02,1758,T,79,6.1NRT,294,101.12,D
37.10268,-96.70972,327.43,3.6,1.78,2022-04-02,1758,T,83,6.1NRT,293.65,141.48,D
37.14843,-97.10097,335.86,3.39,1.74,2022-04-02,1758,T,89,6.1NRT,292.32,206.36,D
37.10342,-96.91692,310.67,3.49,1.76,2022-04-02,1758,T,64,6.1NRT,292.72,46.26,D
37.08836,-96.92304,308.94,3.49,1.76,2022-04-02,1758,T,60,6.1NRT,292.42,38.97,D
36.8278,-98.32383,312.71,2.91,1.63,2022-04-02,1758,T,64,6.1NRT,296.31,35.49,D
36.82038,-98.29243,316.2,2.93,1.63,2022-04-02,1758,T,66,6.1NRT,298.15,48.79,D
38.65895,-108.02925,325.78,1,1,2022-04-02,1758,T,81,6.1NRT,307.47,13.73,D
36.81964,-98.29948,319.46,2.93,1.63,2022-04-02,1758,T,68,6.1NRT,298.01,57.58,D
36.31259,-96.6702,306.1,3.8,1.82,2022-04-02,1758,T,34,6.1NRT,293.06,30.89,D
36.3023,-96.62964,309.58,3.82,1.83,2022-04-02,1758,T,58,6.1NRT,293.13,48.12,D
36.31129,-96.63071,309.33,3.82,1.83,2022-04-02,1758,T,57,6.1NRT,293.39,46.94,D
36.09361,-96.85935,313.48,3.75,1.81,2022-04-02,1758,T,67,6.1NRT,294.83,58.45,D
36.08356,-96.81935,312.92,3.78,1.82,2022-04-02,1758,T,61,6.1NRT,293.31,55.43,D
36.06796,-96.82539,309.33,3.78,1.82,2022-04-02,1758,T,19,6.1NRT,292.29,35.48,D
37.16817,-101.75094,352.59,1.76,1.3,2022-04-02,1758,T,96,6.1NRT,303.98,136.21,D
37.16419,-101.73164,392.36,1.77,1.3,2022-04-02,1758,T,100,6.1NRT,310.47,464.95,D
37.16023,-101.71244,339.69,1.77,1.3,2022-04-02,1758,T,90,6.1NRT,303.44,79.46,D
37.16861,-101.73698,372.55,1.77,1.3,2022-04-02,1758,T,100,6.1NRT,307.06,269.18,D
37.16474,-101.71764,356.87,1.77,1.3,2022-04-02,1758,T,98,6.1NRT,305.63,161.57,D
36.08704,-96.86899,314.72,3.75,1.81,2022-04-02,1758,T,59,6.1NRT,294.84,63.89,D
36.07722,-96.82893,324.75,3.78,1.82,2022-04-02,1758,T,70,6.1NRT,293.24,130.02,D
37.15723,-101.74059,357.65,1.77,1.3,2022-04-02,1758,T,99,6.1NRT,304.28,167.19,D
37.15337,-101.72136,322.58,1.77,1.3,2022-04-02,1758,T,75,6.1NRT,301.59,29.19,D
36.10367,-98.25399,307.54,3.08,1.67,2022-04-02,1758,T,41,6.1NRT,296.04,21.32,D
35.54205,-98.59866,311.66,3.03,1.66,2022-04-02,1758,T,61,6.1NRT,293.8,37.86,D
35.5427,-98.60561,310.28,3.03,1.66,2022-04-02,1758,T,58,6.1NRT,293.75,33.35,D
35.23464,-98.10362,324.18,3.32,1.72,2022-04-02,1758,T,80,6.1NRT,295.78,108.84,D
35.23861,-98.10901,322.16,3.32,1.72,2022-04-02,1758,T,78,6.1NRT,295.79,97.6,D
34.24651,-95.91879,317.8,4.82,2,2022-04-02,1758,T,73,6.1NRT,293.01,124.86,D
34.24788,-95.92281,316.22,4.82,2,2022-04-02,1758,T,70,6.1NRT,293.16,112.24,D
33.84269,-102.05874,322.86,2.02,1.38,2022-04-02,1758,T,70,6.1NRT,306.55,24.97,D
33.0576,-99.30005,313.9,3.18,1.69,2022-04-02,1758,T,36,6.1NRT,299.22,33.14,D
33.05998,-99.30655,315.79,3.18,1.69,2022-04-02,1758,T,53,6.1NRT,299.25,44.68,D
33.6754,-105.01788,334.68,1.35,1.15,2022-04-02,1758,T,83,6.1NRT,307.98,38.86,D
33.67287,-105.00376,322.08,1.35,1.15,2022-04-02,1758,T,66,6.1NRT,306.22,14.64,D
34.32796,-112.05322,322.02,1.17,1.08,2022-04-02,1758,T,72,6.1NRT,306.58,10.42,D
34.32639,-112.04021,328.28,1.17,1.08,2022-04-02,1758,T,80,6.1NRT,305.76,19.11,D
33.87934,-111.31831,316.66,1.09,1.04,2022-04-02,1758,T,58,6.1NRT,303.66,6.43,D
33.70134,-111.6644,320.64,1.12,1.05,2022-04-02,1800,T,62,6.1NRT,307.91,6.92,D
32.73996,-107.25515,328.18,1.1,1.05,2022-04-02,1800,T,75,6.1NRT,310.96,15.23,D
31.59768,-110.29267,324.21,1,1,2022-04-02,1800,T,66,6.1NRT,307.66,9.96,D
31.5962,-110.28223,365.18,1,1,2022-04-02,1800,T,100,6.1NRT,310.94,89.42,D
31.59472,-110.2718,363.9,1,1,2022-04-02,1800,T,100,6.1NRT,311.05,84.9,D
28.67435,-112.58341,312.16,1.09,1.04,2022-04-02,1802,T,53,6.1NRT,301.1,13.68,D
26.64272,-105.73574,324.76,1.66,1.27,2022-04-02,1802,T,67,6.1NRT,302.82,29.31,D
26.80134,-107.27022,324.23,1.32,1.14,2022-04-02,1802,T,72,6.1NRT,302.53,23.41,D
24.60523,-107.02762,322.98,1.49,1.2,2022-04-02,1802,T,66,6.1NRT,307.26,19.34,D
24.22338,-106.0656,314.53,1.76,1.3,2022-04-02,1802,T,38,6.1NRT,294.8,23.11,D
21.06092,-103.75142,321.39,3.02,1.65,2022-04-02,1802,T,66,6.1NRT,306.41,47.9,D
20.52081,-103.21732,324.97,3.39,1.74,2022-04-02,1802,T,74,6.1NRT,311.36,47.56,D
20.52534,-103.22324,324.44,3.39,1.74,2022-04-02,1802,T,69,6.1NRT,311.32,45.83,D
19.41367,-155.27867,334.35,2.29,1.46,2022-04-02,2121,T,82,6.1NRT,301.36,104.89,D
